{
	"Yellow 0131 C PASTEL":[93.33333333333334,-8,37],
	"Red 0331 C PASTEL":[79.2156862745098,30,5],
	"Magenta 0521 C PASTEL":[79.6078431372549,28,-12],
	"Violet 0631 C PASTEL":[69.41176470588236,23,-30],
	"Blue 0821 C PASTEL":[78.03921568627452,-25,-23],
	"Green 0921 C PASTEL":[85.88235294117648,-28,-2],
	"Black 0961 C PASTEL":[62.74509803921569,1,5],
	"9140 C PASTEL":[93.72549019607844,-3,16],
	"9284 C PASTEL":[85.49019607843138,18,2],
	"9324 C PASTEL":[85.49019607843138,18,-8],
	"9344 C PASTEL":[77.25490196078432,16,-20],
	"9464 C PASTEL":[83.92156862745098,-19,-16],
	"9524 C PASTEL":[87.84313725490196,-23,-2],
	"9084 C PASTEL":[68.62745098039215,0,4],
	"9060 C PASTEL":[94.11764705882354,-3,10],
	"9280 C PASTEL":[91.37254901960785,6,1],
	"9320 C PASTEL":[90.19607843137256,8,-4],
	"9340 C PASTEL":[89.01960784313727,5,-7],
	"9460 C PASTEL":[91.37254901960785,-8,-5],
	"9520 C PASTEL":[92.15686274509804,-10,-1],
	"9083 C PASTEL":[80.3921568627451,0,4],
	"9064 C PASTEL":[94.50980392156863,-3,8],
	"9285 C PASTEL":[93.33333333333334,1,2],
	"9061 C PASTEL":[92.94117647058825,3,-1],
	"9345 C PASTEL":[92.54901960784315,1,-1],
	"9062 C PASTEL":[93.33333333333334,-4,-1],
	"9063 C PASTEL":[93.33333333333334,-5,2],
	"9081 C PASTEL":[87.45098039215686,-1,3],
	"9043 C PASTEL":[91.37254901960785,-1,3],
	"9080 C PASTEL":[89.80392156862746,-1,2],
	"9100 C PASTEL":[91.37254901960785,-1,2],
	"9101 C PASTEL":[89.80392156862746,-2,2],
	"9102 C PASTEL":[87.05882352941177,-2,2],
	"9103 C PASTEL":[85.49019607843138,-2,1],
	"9082 C PASTEL":[82.3529411764706,0,4],
	"9121 C PASTEL":[93.33333333333334,-7,29],
	"9120 C PASTEL":[93.33333333333334,-6,26],
	"9141 C PASTEL":[92.94117647058825,-4,21],
	"9142 C PASTEL":[90.19607843137256,-2,15],
	"9161 C PASTEL":[87.84313725490196,0,17],
	"9143 C PASTEL":[88.23529411764706,-2,13],
	"9162 C PASTEL":[86.66666666666667,0,11],
	"9160 C PASTEL":[91.37254901960785,1,19],
	"9180 C PASTEL":[91.37254901960785,2,12],
	"9181 C PASTEL":[90.98039215686275,3,14],
	"9200 C PASTEL":[90.58823529411765,4,12],
	"9201 C PASTEL":[90.98039215686275,4,12],
	"9220 C PASTEL":[90.58823529411765,5,10],
	"9221 C PASTEL":[87.05882352941177,6,10],
	"9184 C PASTEL":[90.98039215686275,1,11],
	"9185 C PASTEL":[90.19607843137256,2,9],
	"9202 C PASTEL":[89.41176470588236,3,9],
	"9182 C PASTEL":[88.62745098039217,3,11],
	"9183 C PASTEL":[86.66666666666667,2,9],
	"9203 C PASTEL":[85.88235294117648,3,9],
	"9186 C PASTEL":[85.49019607843138,3,8],
	"9224 C PASTEL":[92.54901960784315,1,7],
	"9225 C PASTEL":[91.76470588235294,2,7],
	"9226 C PASTEL":[90.58823529411765,1,6],
	"9222 C PASTEL":[86.27450980392157,4,8],
	"9223 C PASTEL":[85.49019607843138,3,7],
	"9242 C PASTEL":[86.66666666666667,6,5],
	"9243 C PASTEL":[84.31372549019608,5,5],
	"9244 C PASTEL":[92.54901960784315,2,3],
	"9240 C PASTEL":[91.76470588235294,4,4],
	"9260 C PASTEL":[90.19607843137256,7,4],
	"9241 C PASTEL":[89.41176470588236,5,4],
	"9261 C PASTEL":[87.84313725490196,8,4],
	"9262 C PASTEL":[87.05882352941177,7,4],
	"9263 C PASTEL":[85.49019607843138,6,4],
	"9286 C PASTEL":[90.58823529411765,8,1],
	"9281 C PASTEL":[89.80392156862746,7,1],
	"9300 C PASTEL":[89.80392156862746,8,-1],
	"9282 C PASTEL":[88.62745098039217,7,1],
	"9301 C PASTEL":[89.41176470588236,8,-1],
	"9321 C PASTEL":[87.45098039215686,10,-4],
	"9302 C PASTEL":[85.09803921568628,10,-1],
	"9021 C PASTEL":[92.15686274509804,3,1],
	"9022 C PASTEL":[92.15686274509804,3,-1],
	"9023 C PASTEL":[90.98039215686275,3,-4],
	"9283 C PASTEL":[87.45098039215686,5,2],
	"9303 C PASTEL":[85.88235294117648,7,0],
	"9322 C PASTEL":[85.88235294117648,10,-4],
	"9323 C PASTEL":[83.92156862745098,9,-3],
	"9360 C PASTEL":[87.05882352941177,4,-10],
	"9341 C PASTEL":[87.05882352941177,6,-7],
	"9342 C PASTEL":[86.27450980392157,5,-6],
	"9343 C PASTEL":[85.09803921568628,6,-7],
	"9361 C PASTEL":[85.49019607843138,5,-10],
	"9362 C PASTEL":[85.88235294117648,5,-8],
	"9363 C PASTEL":[81.1764705882353,6,-9],
	"9380 C PASTEL":[89.01960784313727,0,-7],
	"9384 C PASTEL":[88.62745098039217,-1,-8],
	"9381 C PASTEL":[86.27450980392157,-1,-9],
	"9382 C PASTEL":[83.92156862745098,0,-11],
	"9383 C PASTEL":[85.09803921568628,0,-9],
	"9385 C PASTEL":[84.70588235294119,-2,-7],
	"9403 C PASTEL":[85.88235294117648,-3,-8],
	"9400 C PASTEL":[88.62745098039217,-3,-8],
	"9401 C PASTEL":[88.62745098039217,-3,-9],
	"9402 C PASTEL":[88.23529411764706,-3,-8],
	"9420 C PASTEL":[88.62745098039217,-5,-8],
	"9421 C PASTEL":[87.45098039215686,-5,-8],
	"9422 C PASTEL":[85.49019607843138,-5,-8],
	"9423 C PASTEL":[82.3529411764706,-5,-8],
	"9424 C PASTEL":[87.45098039215686,-11,-7],
	"9440 C PASTEL":[86.66666666666667,-10,-10],
	"9441 C PASTEL":[86.66666666666667,-10,-11],
	"9442 C PASTEL":[85.49019607843138,-10,-10],
	"9461 C PASTEL":[87.05882352941177,-12,-8],
	"9462 C PASTEL":[84.70588235294119,-12,-8],
	"9443 C PASTEL":[83.13725490196079,-9,-10],
	"9480 C PASTEL":[89.80392156862746,-12,-5],
	"9481 C PASTEL":[89.41176470588236,-13,-6],
	"9500 C PASTEL":[88.62745098039217,-16,-5],
	"9482 C PASTEL":[87.45098039215686,-12,-6],
	"9501 C PASTEL":[85.88235294117648,-15,-4],
	"9483 C PASTEL":[85.88235294117648,-9,-3],
	"9463 C PASTEL":[84.70588235294119,-10,-7],
	"9042 C PASTEL":[91.37254901960785,-3,0],
	"9041 C PASTEL":[92.15686274509804,-6,1],
	"9040 C PASTEL":[91.76470588235294,-6,-3],
	"9044 C PASTEL":[87.45098039215686,-10,-4],
	"9045 C PASTEL":[86.27450980392157,-9,-2],
	"9503 C PASTEL":[86.66666666666667,-8,-2],
	"9504 C PASTEL":[85.09803921568628,-8,-2],
	"9525 C PASTEL":[93.33333333333334,-6,4],
	"9540 C PASTEL":[92.94117647058825,-7,2],
	"9541 C PASTEL":[92.15686274509804,-7,2],
	"9521 C PASTEL":[90.58823529411765,-9,0],
	"9522 C PASTEL":[89.80392156862746,-8,0],
	"9523 C PASTEL":[88.62745098039217,-6,0],
	"9502 C PASTEL":[88.23529411764706,-9,-2],
	"9544 C PASTEL":[92.94117647058825,-7,7],
	"9560 C PASTEL":[92.54901960784315,-9,6],
	"9561 C PASTEL":[89.80392156862746,-10,7],
	"9562 C PASTEL":[88.23529411764706,-7,6],
	"9563 C PASTEL":[87.05882352941177,-6,5],
	"9542 C PASTEL":[85.49019607843138,-7,3],
	"9543 C PASTEL":[83.92156862745098,-8,4],
	"9020 C PASTEL":[93.33333333333334,-5,17],
	"9600 C PASTEL":[92.15686274509804,-7,15],
	"9601 C PASTEL":[90.98039215686275,-5,11],
	"9122 C PASTEL":[89.01960784313727,-5,20],
	"9602 C PASTEL":[86.27450980392157,-5,13],
	"9603 C PASTEL":[86.27450980392157,-3,9],
	"9123 C PASTEL":[86.27450980392157,-3,15],
	"9580 C PASTEL":[92.54901960784315,-9,13],
	"9581 C PASTEL":[90.19607843137256,-7,10],
	"9584 C PASTEL":[88.62745098039217,-6,9],
	"9582 C PASTEL":[86.66666666666667,-4,7],
	"9583 C PASTEL":[83.13725490196079,-5,10],
	"9585 C PASTEL":[86.27450980392157,-4,8],
	"9163 C PASTEL":[83.13725490196079,0,11]
}
